team,name,url
ARI,Clayton Tune,https://www.scoresandodds.com/prop-bets/4687486/clayton-tune
ARI,Kyler Murray,https://www.scoresandodds.com/prop-bets/973153/kyler-murray
ARI,Emari Demercado,https://www.scoresandodds.com/prop-bets/4715680/emari-demercado
ARI,James Conner,https://www.scoresandodds.com/prop-bets/36851/james-conner
ARI,Tony Jones,https://www.scoresandodds.com/prop-bets/1844774/tony-jones
ARI,Marlon Mack,https://www.scoresandodds.com/prop-bets/36932/marlon-mack
ARI,Michael Carter,https://www.scoresandodds.com/prop-bets/2861839/michael-carter
ARI,Corey Clement,https://www.scoresandodds.com/prop-bets/36973/corey-clement
ARI,Greg Dortch,https://www.scoresandodds.com/prop-bets/982285/greg-dortch
ARI,Jeff Smith,https://www.scoresandodds.com/prop-bets/982374/jeff-smith
ARI,Zach Pascal,https://www.scoresandodds.com/prop-bets/36978/zach-pascal
ARI,Rondale Moore,https://www.scoresandodds.com/prop-bets/2862366/rondale-moore
ARI,Andre Baccellia,https://www.scoresandodds.com/prop-bets/2184800/andre-baccellia
ARI,Marquise Brown,https://www.scoresandodds.com/prop-bets/972489/marquise-brown
ARI,Dan Chisena,https://www.scoresandodds.com/prop-bets/2184716/dan-chisena
ARI,Michael Wilson,https://www.scoresandodds.com/prop-bets/4687487/michael-wilson
ARI,Kaden Davis,https://www.scoresandodds.com/prop-bets/3516007/kaden-davis
ARI,Bernhard Seikovits,https://www.scoresandodds.com/prop-bets/2874299/bernhard-seikovits
ARI,Trey McBride,https://www.scoresandodds.com/prop-bets/3492164/trey-mcbride
ARI,Elijah Higgins,https://www.scoresandodds.com/prop-bets/4687953/elijah-higgins
ARI,Blake Whiteheart,https://www.scoresandodds.com/prop-bets/4715678/blake-whiteheart
ARI,Geoff Swaim,https://www.scoresandodds.com/prop-bets/21690/geoff-swaim
ARI,Travis Vokolek,https://www.scoresandodds.com/prop-bets/4744209/travis-vokolek
ATL,Taylor Heinicke,https://www.scoresandodds.com/prop-bets/21623/taylor-heinicke
ATL,Logan Woodside,https://www.scoresandodds.com/prop-bets/328118/logan-woodside
ATL,Feleipe Franks,https://www.scoresandodds.com/prop-bets/2862131/feleipe-franks
ATL,Desmond Ridder,https://www.scoresandodds.com/prop-bets/3491929/desmond-ridder
ATL,Carlos Washington,https://www.scoresandodds.com/prop-bets/4715708/carlos-washington
ATL,Bijan Robinson,https://www.scoresandodds.com/prop-bets/4687512/bijan-robinson
ATL,Cordarrelle Patterson,https://www.scoresandodds.com/prop-bets/16564/cordarrelle-patterson
ATL,Avery Williams,https://www.scoresandodds.com/prop-bets/3539848/avery-williams
ATL,Tyler Allgeier,https://www.scoresandodds.com/prop-bets/3491931/tyler-allgeier
ATL,Mack Hollins,https://www.scoresandodds.com/prop-bets/36971/mack-hollins
ATL,Van Jefferson,https://www.scoresandodds.com/prop-bets/1849783/van-jefferson
ATL,Scotty Miller,https://www.scoresandodds.com/prop-bets/982629/scotty-miller
ATL,Khadarel Hodge,https://www.scoresandodds.com/prop-bets/509432/khadarel-hodge
ATL,Frank Darby,https://www.scoresandodds.com/prop-bets/2862128/frank-darby
ATL,Chris Blair,https://www.scoresandodds.com/prop-bets/2595531/chris-blair
ATL,Josh Ali,https://www.scoresandodds.com/prop-bets/4192215/josh-ali
ATL,Drake London,https://www.scoresandodds.com/prop-bets/3491928/drake-london
ATL,Kyle Pitts,https://www.scoresandodds.com/prop-bets/2862126/kyle-pitts
ATL,Parker Hesse,https://www.scoresandodds.com/prop-bets/1019199/parker-hesse
ATL,John FitzPatrick,https://www.scoresandodds.com/prop-bets/3491930/john-fitzpatrick
ATL,Tucker Fisk,https://www.scoresandodds.com/prop-bets/3527868/tucker-fisk
ATL,Jonnu Smith,https://www.scoresandodds.com/prop-bets/36950/jonnu-smith
ATL,MyCole Pruitt,https://www.scoresandodds.com/prop-bets/21627/mycole-pruitt
BAL,Tyler Huntley,https://www.scoresandodds.com/prop-bets/2184520/tyler-huntley
BAL,Josh Johnson,https://www.scoresandodds.com/prop-bets/14078/josh-johnson
BAL,Malik Cunningham,https://www.scoresandodds.com/prop-bets/4688004/malik-cunningham
BAL,Lamar Jackson,https://www.scoresandodds.com/prop-bets/328097/lamar-jackson
BAL,Gus Edwards,https://www.scoresandodds.com/prop-bets/328094/gus-edwards
BAL,Melvin Gordon,https://www.scoresandodds.com/prop-bets/21773/melvin-gordon
BAL,Dalvin Cook,https://www.scoresandodds.com/prop-bets/36885/dalvin-cook
BAL,Keaton Mitchell,https://www.scoresandodds.com/prop-bets/4744211/keaton-mitchell
BAL,Owen Wright,https://www.scoresandodds.com/prop-bets/4744207/owen-wright
BAL,JK Dobbins,https://www.scoresandodds.com/prop-bets/1844097/j-k--dobbins
BAL,Justice Hill,https://www.scoresandodds.com/prop-bets/981965/justice-hill
BAL,Jake Funk,https://www.scoresandodds.com/prop-bets/2862401/jake-funk
BAL,Odell Beckham,https://www.scoresandodds.com/prop-bets/18222/odell-beckham
BAL,Rashod Bateman,https://www.scoresandodds.com/prop-bets/2861521/rashod-bateman
BAL,Laquon Treadwell,https://www.scoresandodds.com/prop-bets/35473/laquon-treadwell
BAL,Tylan Wallace,https://www.scoresandodds.com/prop-bets/2861518/tylan-wallace
BAL,Nelson Agholor,https://www.scoresandodds.com/prop-bets/21708/nelson-agholor
BAL,Tarik Black,https://www.scoresandodds.com/prop-bets/2861903/tarik-black
BAL,Devin Duvernay,https://www.scoresandodds.com/prop-bets/1844099/devin-duvernay
BAL,Zay Flowers,https://www.scoresandodds.com/prop-bets/4687538/zay-flowers
BAL,Sean Ryan,https://www.scoresandodds.com/prop-bets/4744210/sean-ryan
BAL,Isaiah Likely,https://www.scoresandodds.com/prop-bets/3491355/isaiah-likely
BAL,Charlie Kolar,https://www.scoresandodds.com/prop-bets/3491347/charlie-kolar
BAL,Scotty Washington,https://www.scoresandodds.com/prop-bets/1844124/scotty-washington
BAL,Mark Andrews,https://www.scoresandodds.com/prop-bets/328096/mark-andrews
BUF,Kyle Allen,https://www.scoresandodds.com/prop-bets/328736/kyle-allen
BUF,Shane Buechele,https://www.scoresandodds.com/prop-bets/2862276/shane-buechele
BUF,Josh Allen,https://www.scoresandodds.com/prop-bets/328331/josh-allen
BUF,Damien Harris,https://www.scoresandodds.com/prop-bets/982258/damien-harris
BUF,Ty Johnson,https://www.scoresandodds.com/prop-bets/982111/ty-johnson
BUF,Nyheim Hines,https://www.scoresandodds.com/prop-bets/328494/nyheim-hines
BUF,Leonard Fournette,https://www.scoresandodds.com/prop-bets/36941/leonard-fournette
BUF,Latavius Murray,https://www.scoresandodds.com/prop-bets/18332/latavius-murray
BUF,James Cook,https://www.scoresandodds.com/prop-bets/3491576/james-cook
BUF,Stefon Diggs,https://www.scoresandodds.com/prop-bets/21625/stefon-diggs
BUF,Deonte Harty,https://www.scoresandodds.com/prop-bets/982601/deonte-harty
BUF,Gabe Davis,https://www.scoresandodds.com/prop-bets/1844330/gabriel-davis
BUF,Trent Sherfield,https://www.scoresandodds.com/prop-bets/328944/trent-sherfield
BUF,Andy Isabella,https://www.scoresandodds.com/prop-bets/982789/andy-isabella
BUF,Khalil Shakir,https://www.scoresandodds.com/prop-bets/3491575/khalil-shakir
BUF,Tyrell Shavers,https://www.scoresandodds.com/prop-bets/4744237/tyrell-shavers
BUF,Bryan Thompson,https://www.scoresandodds.com/prop-bets/4772873/bryan-thompson
BUF,Justin Shorter,https://www.scoresandodds.com/prop-bets/4687559/justin-shorter
BUF,Tre' McKitty,https://www.scoresandodds.com/prop-bets/2862338/tre--mckitty
BUF,Quintin Morris,https://www.scoresandodds.com/prop-bets/2861751/quintin-morris
BUF,Zach Davidson,https://www.scoresandodds.com/prop-bets/2861727/zach-davidson
BUF,Dalton Kincaid,https://www.scoresandodds.com/prop-bets/4687560/dalton-kincaid
BUF,Dawson Knox,https://www.scoresandodds.com/prop-bets/982202/dawson-knox
CAR,Andy Dalton,https://www.scoresandodds.com/prop-bets/11633/andy-dalton
CAR,Bryce Young,https://www.scoresandodds.com/prop-bets/4687580/bryce-young
CAR,Tarik Cohen,https://www.scoresandodds.com/prop-bets/36858/tarik-cohen
CAR,Miles Sanders,https://www.scoresandodds.com/prop-bets/982481/miles-sanders
CAR,Spencer Brown,https://www.scoresandodds.com/prop-bets/2862160/spencer-brown
CAR,Chuba Hubbard,https://www.scoresandodds.com/prop-bets/2862163/chuba-hubbard
CAR,Mike Boone,https://www.scoresandodds.com/prop-bets/328302/mike-boone
CAR,Raheem Blackshear,https://www.scoresandodds.com/prop-bets/3515520/raheem-blackshear
CAR,DJ Chark,https://www.scoresandodds.com/prop-bets/328522/dj-chark
CAR,Laviska Shenault,https://www.scoresandodds.com/prop-bets/1844522/laviska-shenault
CAR,Jonathan Mingo,https://www.scoresandodds.com/prop-bets/4687579/jonathan-mingo
CAR,Cam Sims,https://www.scoresandodds.com/prop-bets/328677/cam-sims
CAR,Adam Thielen,https://www.scoresandodds.com/prop-bets/18116/adam-thielen
CAR,Jalen Camp,https://www.scoresandodds.com/prop-bets/2861938/jalen-camp
CAR,Mike Strachan,https://www.scoresandodds.com/prop-bets/2861906/mike-strachan
CAR,Ihmir Smith-Marsette,https://www.scoresandodds.com/prop-bets/2861720/ihmir-smith-marsette
CAR,Derek Wright,https://www.scoresandodds.com/prop-bets/3491958/derek-wright
CAR,Terrace Marshall,https://www.scoresandodds.com/prop-bets/2862164/terrace-marshall
CAR,Hayden Hurst,https://www.scoresandodds.com/prop-bets/328091/hayden-hurst
CAR,Stephen Sullivan,https://www.scoresandodds.com/prop-bets/1849844/stephen-sullivan
CAR,Ian Thomas,https://www.scoresandodds.com/prop-bets/328735/ian-thomas
CAR,Tommy Tremble,https://www.scoresandodds.com/prop-bets/2862165/tommy-tremble
CAR,Jordan Matthews,https://www.scoresandodds.com/prop-bets/18238/jordan-matthews
CAR,Chris Pierce,https://www.scoresandodds.com/prop-bets/3504127/chris-pierce
CAR,Giovanni Ricci,https://www.scoresandodds.com/prop-bets/1844743/giovanni-ricci
CHI,Nathan Peterman,https://www.scoresandodds.com/prop-bets/36893/nathan-peterman
CHI,Tyson Bagent,https://www.scoresandodds.com/prop-bets/4715811/tyson-bagent
CHI,Justin Fields,https://www.scoresandodds.com/prop-bets/2861635/justin-fields
CHI,Roschon Johnson,https://www.scoresandodds.com/prop-bets/4687604/roschon-johnson
CHI,Travis Homer,https://www.scoresandodds.com/prop-bets/982875/travis-homer
CHI,D'Onta Foreman,https://www.scoresandodds.com/prop-bets/36917/d-onta-foreman
CHI,Khalil Herbert,https://www.scoresandodds.com/prop-bets/2861632/khalil-herbert
CHI,Equanimeous St,https://www.scoresandodds.com/prop-bets/328269/equanimeous-st--brown
CHI,Trent Taylor,https://www.scoresandodds.com/prop-bets/37066/trent-taylor
CHI,DJ Moore,https://www.scoresandodds.com/prop-bets/328733/d-j--moore
CHI,Nsimba Webster,https://www.scoresandodds.com/prop-bets/982820/nsimba-webster
CHI,Tyler Scott,https://www.scoresandodds.com/prop-bets/4687603/tyler-scott
CHI,Darnell Mooney,https://www.scoresandodds.com/prop-bets/1844218/darnell-mooney
CHI,Collin Johnson,https://www.scoresandodds.com/prop-bets/1844520/collin-johnson
CHI,Velus Jones,https://www.scoresandodds.com/prop-bets/3491460/velus-jones
CHI,Robert Tonyan,https://www.scoresandodds.com/prop-bets/36860/robert-tonyan
CHI,Cole Kmet,https://www.scoresandodds.com/prop-bets/1844217/cole-kmet
CHI,Marcedes Lewis,https://www.scoresandodds.com/prop-bets/11792/marcedes-lewis
CHI,Stephen Carlson,https://www.scoresandodds.com/prop-bets/982024/stephen-carlson
CIN,AJ McCarron,https://www.scoresandodds.com/prop-bets/18045/aj-mccarron
CIN,Drew Plitt,https://www.scoresandodds.com/prop-bets/5551601/drew-plitt
CIN,Jake Browning,https://www.scoresandodds.com/prop-bets/982172/jake-browning
CIN,Joe Burrow,https://www.scoresandodds.com/prop-bets/1844126/joe-burrow
CIN,Demetric Felton,https://www.scoresandodds.com/prop-bets/2861572/demetric-felton
CIN,Chris Evans,https://www.scoresandodds.com/prop-bets/2861550/chris-evans
CIN,Joe Mixon,https://www.scoresandodds.com/prop-bets/36833/joe-mixon
CIN,Trayveon Williams,https://www.scoresandodds.com/prop-bets/981990/trayveon-williams
CIN,Chase Brown,https://www.scoresandodds.com/prop-bets/4687629/chase-brown
CIN,Trenton Irwin,https://www.scoresandodds.com/prop-bets/982231/trenton-irwin
CIN,Stanley Morgan,https://www.scoresandodds.com/prop-bets/981995/stanley-morgan
CIN,Tyler Boyd,https://www.scoresandodds.com/prop-bets/35418/tyler-boyd
CIN,Tee Higgins,https://www.scoresandodds.com/prop-bets/1844128/tee-higgins
CIN,Kendric Pryor,https://www.scoresandodds.com/prop-bets/3515312/kendric-pryor
CIN,Ja'Marr Chase,https://www.scoresandodds.com/prop-bets/2861551/ja-marr-chase
CIN,Kwamie Lassiter,https://www.scoresandodds.com/prop-bets/3515311/kwamie-lassiter-ii-
CIN,Andrei Iosivas,https://www.scoresandodds.com/prop-bets/4687628/andrei-iosivas
CIN,Shedrick Jackson,https://www.scoresandodds.com/prop-bets/4715836/shedrick-jackson
CIN,Charlie Jones,https://www.scoresandodds.com/prop-bets/4687627/charlie-jones
CIN,Irv Smith,https://www.scoresandodds.com/prop-bets/982176/irv-smith
CIN,Tanner Hudson,https://www.scoresandodds.com/prop-bets/328798/tanner-hudson
CIN,Drew Sample,https://www.scoresandodds.com/prop-bets/981992/drew-sample
CIN,Mitchell Wilcox,https://www.scoresandodds.com/prop-bets/1844129/mitchell-wilcox
CLE,PJ Walker,https://www.scoresandodds.com/prop-bets/36925/p-j--walker
CLE,Dorian Thompson-Robinson,https://www.scoresandodds.com/prop-bets/4687649/dorian-thompson-robinson
CLE,Jeff Driskel,https://www.scoresandodds.com/prop-bets/35677/jeff-driskel
CLE,Joe Flacco,https://www.scoresandodds.com/prop-bets/11610/joe-flacco
CLE,Deshaun Watson,https://www.scoresandodds.com/prop-bets/36923/deshaun-watson
CLE,John Kelly,https://www.scoresandodds.com/prop-bets/328981/john-kelly
CLE,Kareem Hunt,https://www.scoresandodds.com/prop-bets/37015/kareem-hunt
CLE,Pierre Strong,https://www.scoresandodds.com/prop-bets/3491634/pierre-strong
CLE,Nick Chubb,https://www.scoresandodds.com/prop-bets/328152/nick-chubb
CLE,Jerome Ford,https://www.scoresandodds.com/prop-bets/3491403/jerome-ford
CLE,Jakeem Grant,https://www.scoresandodds.com/prop-bets/35483/jakeem-grant
CLE,Amari Cooper,https://www.scoresandodds.com/prop-bets/21757/amari-cooper
CLE,Marquise Goodwin,https://www.scoresandodds.com/prop-bets/16570/marquise-goodwin
CLE,James Proche,https://www.scoresandodds.com/prop-bets/1844098/james-proche
CLE,Elijah Moore,https://www.scoresandodds.com/prop-bets/2861841/elijah-moore
CLE,Cedric Tillman,https://www.scoresandodds.com/prop-bets/4687650/cedric-tillman
CLE,Jaelon Darden,https://www.scoresandodds.com/prop-bets/2862221/jaelon-darden
CLE,Austin Watkins,https://www.scoresandodds.com/prop-bets/2862430/austin-watkins
CLE,David Bell,https://www.scoresandodds.com/prop-bets/3491400/david-bell
CLE,Michael Woods,https://www.scoresandodds.com/prop-bets/3491401/michael-woods-ii
CLE,Harrison Bryant,https://www.scoresandodds.com/prop-bets/1844156/harrison-bryant
CLE,Jordan Akins,https://www.scoresandodds.com/prop-bets/328461/jordan-akins
CLE,David Njoku,https://www.scoresandodds.com/prop-bets/36844/david-njoku
CLE,Zaire Mitchell-Paden,https://www.scoresandodds.com/prop-bets/3515342/zaire-mitchell-paden
DAL,Dak Prescott,https://www.scoresandodds.com/prop-bets/35539/dak-prescott
DAL,Cooper Rush,https://www.scoresandodds.com/prop-bets/36954/cooper-rush
DAL,Trey Lance,https://www.scoresandodds.com/prop-bets/2862426/trey-lance
DAL,Tony Pollard,https://www.scoresandodds.com/prop-bets/982431/tony-pollard
DAL,Malik Davis,https://www.scoresandodds.com/prop-bets/3515762/malik-davis
DAL,Deuce Vaughn,https://www.scoresandodds.com/prop-bets/4687677/deuce-vaughn
DAL,Hunter Luepke,https://www.scoresandodds.com/prop-bets/4857291/hunter-luepke
DAL,SaRodorick Thompson,https://www.scoresandodds.com/prop-bets/4688030/sarodorick-thompson
DAL,Rico Dowdle,https://www.scoresandodds.com/prop-bets/1844583/rico-dowdle
DAL,Michael Gallup,https://www.scoresandodds.com/prop-bets/328582/michael-gallup
DAL,Jalen Tolbert,https://www.scoresandodds.com/prop-bets/3491808/jalen-tolbert
DAL,Racey McMath,https://www.scoresandodds.com/prop-bets/2861973/racey-mcmath
DAL,Brandin Cooks,https://www.scoresandodds.com/prop-bets/18281/brandin-cooks
DAL,KaVontae Turpin,https://www.scoresandodds.com/prop-bets/3757806/kavontae-turpin
DAL,David Durden,https://www.scoresandodds.com/prop-bets/4773011/david-durden
DAL,Jalen Brooks,https://www.scoresandodds.com/prop-bets/4687678/jalen-brooks
DAL,CeeDee Lamb,https://www.scoresandodds.com/prop-bets/1844578/ceedee-lamb
DAL,John Stephens,https://www.scoresandodds.com/prop-bets/4773014/john-stephens
DAL,Jalen Moreno-Cropper,https://www.scoresandodds.com/prop-bets/4773013/jalen-moreno-cropper
DAL,Jake Ferguson,https://www.scoresandodds.com/prop-bets/3491809/jake-ferguson
DAL,Luke Schoonmaker,https://www.scoresandodds.com/prop-bets/4687679/luke-schoonmaker
DAL,Sean McKeon,https://www.scoresandodds.com/prop-bets/1844580/sean-mckeon
DAL,Peyton Hendershot,https://www.scoresandodds.com/prop-bets/3515763/peyton-hendershot
DAL,Princeton Fant,https://www.scoresandodds.com/prop-bets/4773012/princeton-fant
DEN,Ben DiNucci,https://www.scoresandodds.com/prop-bets/1844585/ben-dinucci
DEN,Jarrett Stidham,https://www.scoresandodds.com/prop-bets/982257/jarrett-stidham
DEN,Russell Wilson,https://www.scoresandodds.com/prop-bets/13560/russell-wilson
DEN,Javonte Williams,https://www.scoresandodds.com/prop-bets/2862245/javonte-williams
DEN,Dwayne Washington,https://www.scoresandodds.com/prop-bets/35457/dwayne-washington
DEN,Jaleel McLaughlin,https://www.scoresandodds.com/prop-bets/4773040/jaleel-mclaughlin
DEN,Samaje Perine,https://www.scoresandodds.com/prop-bets/36977/samaje-perine
DEN,Tyler Badie,https://www.scoresandodds.com/prop-bets/3491354/tyler-badie
DEN,Tre'Quan Smith,https://www.scoresandodds.com/prop-bets/328769/tre-quan-smith
DEN,Courtland Sutton,https://www.scoresandodds.com/prop-bets/328827/courtland-sutton
DEN,Tim Patrick,https://www.scoresandodds.com/prop-bets/36825/tim-patrick
DEN,David Sills,https://www.scoresandodds.com/prop-bets/982204/david-sills
DEN,Phillip Dorsett,https://www.scoresandodds.com/prop-bets/21666/phillip-dorsett
DEN,Lil'Jordan Humphrey,https://www.scoresandodds.com/prop-bets/982599/lil-jordan-humphrey
DEN,Marvin Mims,https://www.scoresandodds.com/prop-bets/4687701/marvin-mims
DEN,Michael Bandy,https://www.scoresandodds.com/prop-bets/2946514/michael-bandy
DEN,Brandon Johnson,https://www.scoresandodds.com/prop-bets/3516008/brandon-johnson
DEN,Jerry Jeudy,https://www.scoresandodds.com/prop-bets/1844833/jerry-jeudy
DEN,Jalen Virgil,https://www.scoresandodds.com/prop-bets/3516006/jalen-virgil
DEN,Chris Manhertz,https://www.scoresandodds.com/prop-bets/21635/chris-manhertz
DEN,Lucas Krull,https://www.scoresandodds.com/prop-bets/3503947/lucas-krull
DEN,Johnny Lumpkin,https://www.scoresandodds.com/prop-bets/4744726/johnny-lumpkin
DEN,Greg Dulcich,https://www.scoresandodds.com/prop-bets/3492045/greg-dulcich
DEN,Adam Trautman,https://www.scoresandodds.com/prop-bets/1844770/adam-trautman
DEN,Nate Adkins,https://www.scoresandodds.com/prop-bets/4773039/nate-adkins
DET,Nate Sudfeld,https://www.scoresandodds.com/prop-bets/35571/nate-sudfeld
DET,David Blough,https://www.scoresandodds.com/prop-bets/982023/david-blough
DET,Hendon Hooker,https://www.scoresandodds.com/prop-bets/4687729/hendon-hooker
DET,Jared Goff,https://www.scoresandodds.com/prop-bets/35673/jared-goff
DET,Teddy Bridgewater,https://www.scoresandodds.com/prop-bets/18114/teddy-bridgewater
DET,Mohamed Ibrahim,https://www.scoresandodds.com/prop-bets/4715944/mohamed-ibrahim
DET,Jahmyr Gibbs,https://www.scoresandodds.com/prop-bets/4687730/jahmyr-gibbs
DET,David Montgomery,https://www.scoresandodds.com/prop-bets/982082/david-montgomery
DET,Craig Reynolds,https://www.scoresandodds.com/prop-bets/1019315/craig-reynolds
DET,Zonovan Knight,https://www.scoresandodds.com/prop-bets/3515609/zonovan-knight
DET,Jermar Jefferson,https://www.scoresandodds.com/prop-bets/2861666/jermar-jefferson
DET,Amon-Ra St,https://www.scoresandodds.com/prop-bets/2861659/amon-ra-st--brown
DET,Tom Kennedy,https://www.scoresandodds.com/prop-bets/1018905/tom-kennedy
DET,Kalif Raymond,https://www.scoresandodds.com/prop-bets/35608/kalif-raymond
DET,Josh Reynolds,https://www.scoresandodds.com/prop-bets/37051/josh-reynolds
DET,Jameson Williams,https://www.scoresandodds.com/prop-bets/3491483/jameson-williams
DET,Daurice Fountain,https://www.scoresandodds.com/prop-bets/328491/daurice-fountain
DET,Donovan Peoples-Jones,https://www.scoresandodds.com/prop-bets/1844157/donovan-peoples-jones
DET,Antoine Green,https://www.scoresandodds.com/prop-bets/4687727/antoine-green
DET,Maurice Alexander,https://www.scoresandodds.com/prop-bets/3757853/maurice-alexander
DET,Brock Wright,https://www.scoresandodds.com/prop-bets/2861662/brock-wright
DET,James Mitchell,https://www.scoresandodds.com/prop-bets/3491484/james-mitchell
DET,Shane Zylstra,https://www.scoresandodds.com/prop-bets/2873657/shane-zylstra
DET,Sam LaPorta,https://www.scoresandodds.com/prop-bets/4687728/sam-laporta
DET,Anthony Firkser,https://www.scoresandodds.com/prop-bets/36910/anthony-firkser
GB,Jordan Love,https://www.scoresandodds.com/prop-bets/1844276/jordan-love
GB,Alex McGough,https://www.scoresandodds.com/prop-bets/329039/alex-mcgough
GB,Sean Clifford,https://www.scoresandodds.com/prop-bets/4687752/sean-clifford
GB,AJ Dillon,https://www.scoresandodds.com/prop-bets/1844274/aj-dillon
GB,Aaron Jones,https://www.scoresandodds.com/prop-bets/36871/aaron-jones
GB,Emanuel Wilson,https://www.scoresandodds.com/prop-bets/4799359/emanuel-wilson
GB,Patrick Taylor,https://www.scoresandodds.com/prop-bets/1844272/patrick-taylor
GB,Ellis Merriweather,https://www.scoresandodds.com/prop-bets/4773408/ellis-merriweather
GB,Kenyan Drake,https://www.scoresandodds.com/prop-bets/35482/kenyan-drake
GB,Samori Toure,https://www.scoresandodds.com/prop-bets/3491512/samori-toure
GB,Christian Watson,https://www.scoresandodds.com/prop-bets/3491515/christian-watson
GB,Bo Melton,https://www.scoresandodds.com/prop-bets/3492253/bo-melton
GB,Romeo Doubs,https://www.scoresandodds.com/prop-bets/3491516/romeo-doubs
GB,Jayden Reed,https://www.scoresandodds.com/prop-bets/4687753/jayden-reed
GB,Dontayvion Wicks,https://www.scoresandodds.com/prop-bets/4687750/dontayvion-wicks
GB,Thyrick Pitts,https://www.scoresandodds.com/prop-bets/4715808/thyrick-pitts
GB,Grant DuBose,https://www.scoresandodds.com/prop-bets/4715975/grant-dubose
GB,Malik Heath,https://www.scoresandodds.com/prop-bets/4715974/malik-heath
GB,Ben Sims,https://www.scoresandodds.com/prop-bets/4687976/ben-sims
GB,Josiah Deguara,https://www.scoresandodds.com/prop-bets/1844275/josiah-deguara
GB,Tucker Kraft,https://www.scoresandodds.com/prop-bets/4687755/tucker-kraft
GB,Joel Wilson,https://www.scoresandodds.com/prop-bets/4688029/joel-wilson
GB,Luke Musgrave,https://www.scoresandodds.com/prop-bets/4687754/luke-musgrave
GB,Tyler Davis,https://www.scoresandodds.com/prop-bets/1844521/tyler-davis
HOU,Tim Boyle,https://www.scoresandodds.com/prop-bets/328271/tim-boyle
HOU,Case Keenum,https://www.scoresandodds.com/prop-bets/16877/case-keenum
HOU,CJ Stroud,https://www.scoresandodds.com/prop-bets/4687775/c-j--stroud
HOU,Davis Mills,https://www.scoresandodds.com/prop-bets/2861872/davis-mills
HOU,Dare Ogunbowale,https://www.scoresandodds.com/prop-bets/36919/dare-ogunbowale
HOU,JJ Taylor,https://www.scoresandodds.com/prop-bets/1844398/j-j--taylor
HOU,Devin Singletary,https://www.scoresandodds.com/prop-bets/982203/devin-singletary
HOU,Dameon Pierce,https://www.scoresandodds.com/prop-bets/3491693/dameon-pierce
HOU,Nico Collins,https://www.scoresandodds.com/prop-bets/2861874/nico-collins
HOU,Steven Sims,https://www.scoresandodds.com/prop-bets/1001771/steven-sims
HOU,Alex Bachman,https://www.scoresandodds.com/prop-bets/982816/alex-bachman
HOU,Chase Cota,https://www.scoresandodds.com/prop-bets/4715945/chase-cota
HOU,Noah Brown,https://www.scoresandodds.com/prop-bets/36957/noah-brown
HOU,Robert Woods,https://www.scoresandodds.com/prop-bets/16566/robert-woods
HOU,Jesse Matthews,https://www.scoresandodds.com/prop-bets/4773128/jesse-matthews
HOU,Tank Dell,https://www.scoresandodds.com/prop-bets/4687774/tank-dell
HOU,Xavier Hutchinson,https://www.scoresandodds.com/prop-bets/4687773/xavier-hutchinson
HOU,John Metchie,https://www.scoresandodds.com/prop-bets/3491692/john-metchie
HOU,Johnny Johnson,https://www.scoresandodds.com/prop-bets/3491695/johnny-johnson
HOU,Jared Wayne,https://www.scoresandodds.com/prop-bets/4687772/jared-wayne
HOU,Brevin Jordan,https://www.scoresandodds.com/prop-bets/2861873/brevin-jordan
HOU,Dalton Schultz,https://www.scoresandodds.com/prop-bets/328583/dalton-schultz
HOU,Dalton Keene,https://www.scoresandodds.com/prop-bets/1844396/dalton-keene
HOU,Andrew Beck,https://www.scoresandodds.com/prop-bets/982262/andrew-beck
HOU,Eric Saubert,https://www.scoresandodds.com/prop-bets/36986/eric-saubert
HOU,Teagan Quitoriano,https://www.scoresandodds.com/prop-bets/3491690/teagan-quitoriano
IND,Kellen Mond,https://www.scoresandodds.com/prop-bets/2861722/kellen-mond
IND,Gardner Minshew,https://www.scoresandodds.com/prop-bets/982379/gardner-minshew
IND,Anthony Richardson,https://www.scoresandodds.com/prop-bets/4687802/anthony-richardson
IND,Sam Ehlinger,https://www.scoresandodds.com/prop-bets/2861902/sam-ehlinger
IND,Trey Sermon,https://www.scoresandodds.com/prop-bets/2862428/trey-sermon
IND,Evan Hull,https://www.scoresandodds.com/prop-bets/4916613/evan-hull
IND,Jonathan Taylor,https://www.scoresandodds.com/prop-bets/1844485/jonathan-taylor
IND,Tyler Goodson,https://www.scoresandodds.com/prop-bets/3491514/tyler-goodson
IND,Zack Moss,https://www.scoresandodds.com/prop-bets/1844333/zack-moss
IND,KJ Hamler,https://www.scoresandodds.com/prop-bets/1844832/kj-hamler
IND,Jaydon Mickens,https://www.scoresandodds.com/prop-bets/35625/jaydon-mickens
IND,Juwann Winfree,https://www.scoresandodds.com/prop-bets/982664/juwann-winfree
IND,Ashton Dulin,https://www.scoresandodds.com/prop-bets/982346/ashton-dulin
IND,Zavier Scott,https://www.scoresandodds.com/prop-bets/4716029/zavier-scott
IND,Michael Pittman,https://www.scoresandodds.com/prop-bets/1844489/michael-pittman
IND,Isaiah McKenzie,https://www.scoresandodds.com/prop-bets/37011/isaiah-mckenzie
IND,DJ Montgomery,https://www.scoresandodds.com/prop-bets/1001267/dj-montgomery
IND,Tyrie Cleveland,https://www.scoresandodds.com/prop-bets/1844834/tyrie-cleveland
IND,Alec Pierce,https://www.scoresandodds.com/prop-bets/3491723/alec-pierce
IND,Ethan Fernea,https://www.scoresandodds.com/prop-bets/3515675/ethan-fernea
IND,Josh Downs,https://www.scoresandodds.com/prop-bets/4687801/josh-downs
IND,Drew Ogletree,https://www.scoresandodds.com/prop-bets/3491722/drew-ogletree
IND,Kylen Granson,https://www.scoresandodds.com/prop-bets/2861904/kylen-granson
IND,Will Mallory,https://www.scoresandodds.com/prop-bets/4687800/will-mallory
IND,Jelani Woods,https://www.scoresandodds.com/prop-bets/3491721/jelani-woods
IND,Mo Alie-Cox,https://www.scoresandodds.com/prop-bets/36928/mo-alie-cox
IND,Eric Tomlinson,https://www.scoresandodds.com/prop-bets/21704/eric-tomlinson
IND,Jordan Murray,https://www.scoresandodds.com/prop-bets/4773126/jordan-murray
JAX,Trevor Lawrence,https://www.scoresandodds.com/prop-bets/2861939/trevor-lawrence
JAX,CJ Beathard,https://www.scoresandodds.com/prop-bets/37061/c-j--beathard
JAX,EJ Perry,https://www.scoresandodds.com/prop-bets/3503697/ej-perry
JAX,Matt Barkley,https://www.scoresandodds.com/prop-bets/16560/matt-barkley
JAX,Travis Etienne,https://www.scoresandodds.com/prop-bets/2861937/travis-etienne
JAX,D'Ernest Johnson,https://www.scoresandodds.com/prop-bets/1247803/d-ernest-johnson
JAX,Tank Bigsby,https://www.scoresandodds.com/prop-bets/4687832/tank-bigsby
JAX,Snoop Conner,https://www.scoresandodds.com/prop-bets/3491749/snoop-conner
JAX,Christian Kirk,https://www.scoresandodds.com/prop-bets/328952/christian-kirk
JAX,Jacob Harris,https://www.scoresandodds.com/prop-bets/2862402/jacob-harris
JAX,Calvin Ridley,https://www.scoresandodds.com/prop-bets/328705/calvin-ridley
JAX,Jaylon Moore,https://www.scoresandodds.com/prop-bets/1844096/jaylon-moore
JAX,Zay Jones,https://www.scoresandodds.com/prop-bets/36889/zay-jones
JAX,Jamal Agnew,https://www.scoresandodds.com/prop-bets/2216284/jamal-agnew
JAX,Seth Williams,https://www.scoresandodds.com/prop-bets/2862246/seth-williams
JAX,Tim Jones,https://www.scoresandodds.com/prop-bets/2861940/tim-jones
JAX,Parker Washington,https://www.scoresandodds.com/prop-bets/4687830/parker-washington
JAX,Elijah Cooks,https://www.scoresandodds.com/prop-bets/4716059/elijah-cooks
JAX,Brenton Strange,https://www.scoresandodds.com/prop-bets/4687831/brenton-strange
JAX,Evan Engram,https://www.scoresandodds.com/prop-bets/36968/evan-engram
JAX,Josh Pederson,https://www.scoresandodds.com/prop-bets/2862429/josh-pederson
JAX,Luke Farrell,https://www.scoresandodds.com/prop-bets/2861936/luke-farrell
KC,Patrick Mahomes,https://www.scoresandodds.com/prop-bets/37022/patrick-mahomes
KC,Blaine Gabbert,https://www.scoresandodds.com/prop-bets/11637/blaine-gabbert
KC,Chris Oladokun,https://www.scoresandodds.com/prop-bets/3491432/chris-oladokun
KC,Clyde Edwards-Helaire,https://www.scoresandodds.com/prop-bets/1844865/clyde-edwards-helaire
KC,Keaontay Ingram,https://www.scoresandodds.com/prop-bets/3492165/keaontay-ingram
KC,Isiah Pacheco,https://www.scoresandodds.com/prop-bets/3492074/isiah-pacheco
KC,Deneric Prince,https://www.scoresandodds.com/prop-bets/4716087/deneric-prince
KC,Jerick McKinnon,https://www.scoresandodds.com/prop-bets/18113/jerick-mckinnon
KC,La'Mical Perine,https://www.scoresandodds.com/prop-bets/1844427/la-mical-perine
KC,Richie James,https://www.scoresandodds.com/prop-bets/329004/richie-james
KC,Justin Watson,https://www.scoresandodds.com/prop-bets/328793/justin-watson
KC,Mecole Hardman,https://www.scoresandodds.com/prop-bets/982694/mecole-hardman
KC,Cornell Powell,https://www.scoresandodds.com/prop-bets/2862274/cornell-powell
KC,Marquez Valdes-Scantling,https://www.scoresandodds.com/prop-bets/328275/marquez-valdes-scantling
KC,Kadarius Toney,https://www.scoresandodds.com/prop-bets/2862036/kadarius-toney
KC,Skyy Moore,https://www.scoresandodds.com/prop-bets/3492073/skyy-moore
KC,Rashee Rice,https://www.scoresandodds.com/prop-bets/4687855/rashee-rice
KC,Montrell Washington,https://www.scoresandodds.com/prop-bets/3492044/montrell-washington
KC,Justyn Ross,https://www.scoresandodds.com/prop-bets/3504034/justyn-ross
KC,Blake Bell,https://www.scoresandodds.com/prop-bets/21793/blake-bell
KC,Joe Fortson,https://www.scoresandodds.com/prop-bets/982701/joe-fortson
KC,Matt Bushman,https://www.scoresandodds.com/prop-bets/2862310/matt-bushman
KC,Gerrit Prince,https://www.scoresandodds.com/prop-bets/3503699/gerrit-prince
KC,Izaiah Gathings,https://www.scoresandodds.com/prop-bets/4799729/izaiah-gathings
KC,Noah Gray,https://www.scoresandodds.com/prop-bets/2862275/noah-gray
KC,Travis Kelce,https://www.scoresandodds.com/prop-bets/18314/travis-kelce
LAC,Justin Herbert,https://www.scoresandodds.com/prop-bets/1849725/justin-herbert
LAC,Max Duggan,https://www.scoresandodds.com/prop-bets/4687907/max-duggan
LAC,Easton Stick,https://www.scoresandodds.com/prop-bets/982758/easton-stick
LAC,Will Grier,https://www.scoresandodds.com/prop-bets/982573/will-grier
LAC,Elijah Dotson,https://www.scoresandodds.com/prop-bets/4687913/elijah-dotson
LAC,Isaiah Spiller,https://www.scoresandodds.com/prop-bets/3492139/isaiah-spiller
LAC,Austin Ekeler,https://www.scoresandodds.com/prop-bets/37034/austin-ekeler
LAC,Joshua Kelley,https://www.scoresandodds.com/prop-bets/1849726/joshua-kelley
LAC,Keelan Doss,https://www.scoresandodds.com/prop-bets/1001991/keelan-doss
LAC,Mike Williams,https://www.scoresandodds.com/prop-bets/37037/mike-williams
LAC,Jalen Guyton,https://www.scoresandodds.com/prop-bets/1001683/jalen-guyton
LAC,Keenan Allen,https://www.scoresandodds.com/prop-bets/16569/keenan-allen
LAC,Quentin Johnston,https://www.scoresandodds.com/prop-bets/4687909/quentin-johnston
LAC,Josh Palmer,https://www.scoresandodds.com/prop-bets/2862340/josh-palmer
LAC,Simi Fehoko,https://www.scoresandodds.com/prop-bets/2862007/simi-fehoko
LAC,Derius Davis,https://www.scoresandodds.com/prop-bets/4687908/derius-davis
LAC,Alex Erickson,https://www.scoresandodds.com/prop-bets/35425/alex-erickson
LAC,Terrell Bynum,https://www.scoresandodds.com/prop-bets/4687914/terrell-bynum
LAC,Stone Smartt,https://www.scoresandodds.com/prop-bets/3492135/stone-smartt
LAC,Donald Parham,https://www.scoresandodds.com/prop-bets/982107/donald-parham
LAC,Nick Vannett,https://www.scoresandodds.com/prop-bets/35685/nick-vannett
LAC,Hunter Kampmoyer,https://www.scoresandodds.com/prop-bets/2862342/hunter-kampmoyer
LAC,Gerald Everett,https://www.scoresandodds.com/prop-bets/37058/gerald-everett
LAC,Stephen Anderson,https://www.scoresandodds.com/prop-bets/35511/stephen-anderson
LAR,Matthew Stafford,https://www.scoresandodds.com/prop-bets/11613/matthew-stafford
LAR,Stetson Bennett,https://www.scoresandodds.com/prop-bets/4687935/stetson-bennett
LAR,Carson Wentz,https://www.scoresandodds.com/prop-bets/35558/carson-wentz
LAR,Dresser Winn,https://www.scoresandodds.com/prop-bets/4716167/dresser-winn
LAR,Royce Freeman,https://www.scoresandodds.com/prop-bets/328829/royce-freeman
LAR,Zach Evans,https://www.scoresandodds.com/prop-bets/4687934/zach-evans
LAR,Ronnie Rivers,https://www.scoresandodds.com/prop-bets/3504123/ronnie-rivers
LAR,Kyren Williams,https://www.scoresandodds.com/prop-bets/3492191/kyren-williams
LAR,Demarcus Robinson,https://www.scoresandodds.com/prop-bets/35615/demarcus-robinson
LAR,Tyler Johnson,https://www.scoresandodds.com/prop-bets/1844805/tyler-johnson
LAR,Cooper Kupp,https://www.scoresandodds.com/prop-bets/37050/cooper-kupp
LAR,Tutu Atwell,https://www.scoresandodds.com/prop-bets/2862399/tutu-atwell
LAR,Ben Skowronek,https://www.scoresandodds.com/prop-bets/2862398/ben-skowronek
LAR,Austin Trammell,https://www.scoresandodds.com/prop-bets/2862133/austin-trammell
LAR,Xavier Smith,https://www.scoresandodds.com/prop-bets/4716168/xavier-smith
LAR,Puka Nacua,https://www.scoresandodds.com/prop-bets/4687933/puka-nacua
LAR,Miller Forristall,https://www.scoresandodds.com/prop-bets/2861975/miller-forristall
LAR,Davis Allen,https://www.scoresandodds.com/prop-bets/4687936/davis-allen
LAR,Nikola Kalinic,https://www.scoresandodds.com/prop-bets/3335156/nikola-kalinic
LAR,Hunter Long,https://www.scoresandodds.com/prop-bets/2861780/hunter-long
LAR,Brycen Hopkins,https://www.scoresandodds.com/prop-bets/1849778/brycen-hopkins
LAR,Tyler Higbee,https://www.scoresandodds.com/prop-bets/35670/tyler-higbee
LV,Brian Hoyer,https://www.scoresandodds.com/prop-bets/14073/brian-hoyer
LV,Aidan O'Connell,https://www.scoresandodds.com/prop-bets/4687880/aidan-o-connell
LV,Jimmy Garoppolo,https://www.scoresandodds.com/prop-bets/18136/jimmy-garoppolo
LV,Brittain Brown,https://www.scoresandodds.com/prop-bets/3492104/brittain-brown
LV,Brandon Bolden,https://www.scoresandodds.com/prop-bets/13620/brandon-bolden
LV,Ameer Abdullah,https://www.scoresandodds.com/prop-bets/21604/ameer-abdullah
LV,Austin Walter,https://www.scoresandodds.com/prop-bets/1002113/austin-walter
LV,Sincere McCormick,https://www.scoresandodds.com/prop-bets/3516068/sincere-mccormick
LV,Josh Jacobs,https://www.scoresandodds.com/prop-bets/973101/josh-jacobs
LV,Zamir White,https://www.scoresandodds.com/prop-bets/3492105/zamir-white
LV,DeAndre Carter,https://www.scoresandodds.com/prop-bets/21554/deandre-carter
LV,Jakobi Meyers,https://www.scoresandodds.com/prop-bets/982261/jakobi-meyers
LV,Davante Adams,https://www.scoresandodds.com/prop-bets/18106/davante-adams
LV,Kristian Wilkerson,https://www.scoresandodds.com/prop-bets/1844548/kristian-wilkerson
LV,Keelan Cole,https://www.scoresandodds.com/prop-bets/36940/keelan-cole
LV,Hunter Renfrow,https://www.scoresandodds.com/prop-bets/982727/hunter-renfrow
LV,Tre Tucker,https://www.scoresandodds.com/prop-bets/4687881/tre-tucker
LV,DJ Turner,https://www.scoresandodds.com/prop-bets/2862308/dj-turner
LV,Zach Gentry,https://www.scoresandodds.com/prop-bets/982052/zach-gentry
LV,Jesper Horsted,https://www.scoresandodds.com/prop-bets/1018875/jesper-horsted
LV,Cole Fotheringham,https://www.scoresandodds.com/prop-bets/3516069/cole-fotheringham
LV,Michael Mayer,https://www.scoresandodds.com/prop-bets/4687882/michael-mayer
LV,Austin Hooper,https://www.scoresandodds.com/prop-bets/35576/austin-hooper
LV,EJ Jenkins,https://www.scoresandodds.com/prop-bets/4716331/e-j--jenkins
LV,John Shenker,https://www.scoresandodds.com/prop-bets/4773243/john-shenker
MIA,Tua Tagovailoa,https://www.scoresandodds.com/prop-bets/1844363/tua-tagovailoa
MIA,Mike White,https://www.scoresandodds.com/prop-bets/328578/mike-white
MIA,Skylar Thompson,https://www.scoresandodds.com/prop-bets/3491599/skylar-thompson
MIA,Darrynton Evans,https://www.scoresandodds.com/prop-bets/1844550/darrynton-evans
MIA,Salvon Ahmed,https://www.scoresandodds.com/prop-bets/1849808/salvon-ahmed
MIA,Chris Brooks,https://www.scoresandodds.com/prop-bets/4744672/chris-brooks
MIA,Raheem Mostert,https://www.scoresandodds.com/prop-bets/21702/raheem-mostert
MIA,Jeff Wilson,https://www.scoresandodds.com/prop-bets/329007/jeff-wilson
MIA,Devon Achane,https://www.scoresandodds.com/prop-bets/4687954/devon-achane
MIA,Braxton Berrios,https://www.scoresandodds.com/prop-bets/328392/braxton-berrios
MIA,River Cracraft,https://www.scoresandodds.com/prop-bets/37962/river-cracraft
MIA,Chase Claypool,https://www.scoresandodds.com/prop-bets/1844185/chase-claypool
MIA,Tyreek Hill,https://www.scoresandodds.com/prop-bets/35616/tyreek-hill
MIA,Cedrick Wilson,https://www.scoresandodds.com/prop-bets/328586/cedrick-wilson
MIA,Freddie Swain,https://www.scoresandodds.com/prop-bets/1849838/freddie-swain
MIA,Erik Ezukanma,https://www.scoresandodds.com/prop-bets/3491600/erik-ezukanma
MIA,Jaylen Waddle,https://www.scoresandodds.com/prop-bets/2861778/jaylen-waddle
MIA,Anthony Schwartz,https://www.scoresandodds.com/prop-bets/2861573/anthony-schwartz
MIA,Robbie Chosen,https://www.scoresandodds.com/prop-bets/35503/robbie-chosen
MIA,Braylon Sanders,https://www.scoresandodds.com/prop-bets/3515545/braylon-sanders
MIA,Tyler Kroft,https://www.scoresandodds.com/prop-bets/21563/tyler-kroft
MIA,Durham Smythe,https://www.scoresandodds.com/prop-bets/328366/durham-smythe
MIA,Tanner Conner,https://www.scoresandodds.com/prop-bets/3515547/tanner-conner
MIA,Nick Bowers,https://www.scoresandodds.com/prop-bets/2185264/nick-bowers
MIA,Julian Hill,https://www.scoresandodds.com/prop-bets/4744671/julian-hill
MIN,Joshua Dobbs,https://www.scoresandodds.com/prop-bets/36847/joshua-dobbs
MIN,Jaren Hall,https://www.scoresandodds.com/prop-bets/4687981/jaren-hall
MIN,Nick Mullens,https://www.scoresandodds.com/prop-bets/37067/nick-mullens
MIN,Kirk Cousins,https://www.scoresandodds.com/prop-bets/13563/kirk-cousins
MIN,DeWayne McBride,https://www.scoresandodds.com/prop-bets/4687980/dewayne-mcbride
MIN,Ty Chandler,https://www.scoresandodds.com/prop-bets/3491547/ty-chandler
MIN,Kene Nwangwu,https://www.scoresandodds.com/prop-bets/2861721/kene-nwangwu
MIN,Alexander Mattison,https://www.scoresandodds.com/prop-bets/982173/alexander-mattison
MIN,Myles Gaskin,https://www.scoresandodds.com/prop-bets/982233/myles-gaskin
MIN,Cam Akers,https://www.scoresandodds.com/prop-bets/1849790/cam-akers
MIN,Justin Jefferson,https://www.scoresandodds.com/prop-bets/1844306/justin-jefferson
MIN,N'Keal Harry,https://www.scoresandodds.com/prop-bets/972721/n-keal-harry
MIN,Brandon Powell,https://www.scoresandodds.com/prop-bets/328242/brandon-powell
MIN,KJ Osborn,https://www.scoresandodds.com/prop-bets/1844304/k-j--osborn
MIN,Jalen Nailor,https://www.scoresandodds.com/prop-bets/3491545/jalen-nailor
MIN,Jordan Addison,https://www.scoresandodds.com/prop-bets/4687982/jordan-addison
MIN,Malik Knowles,https://www.scoresandodds.com/prop-bets/4687978/malik-knowles
MIN,Thayer Thomas,https://www.scoresandodds.com/prop-bets/4687975/thayer-thomas
MIN,Lucky Jackson,https://www.scoresandodds.com/prop-bets/4799617/lucky-jackson
MIN,Trishton Jackson,https://www.scoresandodds.com/prop-bets/1849781/trishton-jackson
MIN,TJ Hockenson,https://www.scoresandodds.com/prop-bets/972605/t-j--hockenson
MIN,Josh Oliver,https://www.scoresandodds.com/prop-bets/982372/josh-oliver
MIN,Nick Muse,https://www.scoresandodds.com/prop-bets/3491546/nick-muse
MIN,Johnny Mundt,https://www.scoresandodds.com/prop-bets/37055/johnny-mundt
MIN,Troy Fumagalli,https://www.scoresandodds.com/prop-bets/328823/troy-fumagalli
NE,Mac Jones,https://www.scoresandodds.com/prop-bets/2861809/mac-jones
NE,Nathan Rourke,https://www.scoresandodds.com/prop-bets/4596737/nathan-rourke
NE,Bailey Zappe,https://www.scoresandodds.com/prop-bets/3491632/bailey-zappe
NE,Ezekiel Elliott,https://www.scoresandodds.com/prop-bets/35540/ezekiel-elliott
NE,JaMycal Hasty,https://www.scoresandodds.com/prop-bets/1849813/jamycal-hasty
NE,Kevin Harris,https://www.scoresandodds.com/prop-bets/3491635/kevin-harris
NE,Rhamondre Stevenson,https://www.scoresandodds.com/prop-bets/2861810/rhamondre-stevenson
NE,Ke'Shawn Vaughn,https://www.scoresandodds.com/prop-bets/1844803/ke-shawn-vaughn
NE,Matt Slater,https://www.scoresandodds.com/prop-bets/18139/matt-slater
NE,Jalen Reagor,https://www.scoresandodds.com/prop-bets/1844643/jalen-reagor
NE,Kendrick Bourne,https://www.scoresandodds.com/prop-bets/37068/kendrick-bourne
NE,Tre Nixon,https://www.scoresandodds.com/prop-bets/2861811/tre-nixon
NE,Tyquan Thornton,https://www.scoresandodds.com/prop-bets/3491633/tyquan-thornton
NE,Kayshon Boutte,https://www.scoresandodds.com/prop-bets/4688005/kayshon-boutte
NE,JuJu Smith-Schuster,https://www.scoresandodds.com/prop-bets/36849/juju-smith-schuster
NE,DeVante Parker,https://www.scoresandodds.com/prop-bets/21637/devante-parker
NE,TJ Luther,https://www.scoresandodds.com/prop-bets/4716330/t-j--luther
NE,Demario Douglas,https://www.scoresandodds.com/prop-bets/4688003/demario-douglas
NE,Matt Sokol,https://www.scoresandodds.com/prop-bets/1002018/matt-sokol
NE,Hunter Henry,https://www.scoresandodds.com/prop-bets/35634/hunter-henry
NE,Pharaoh Brown,https://www.scoresandodds.com/prop-bets/37028/pharaoh-brown
NE,Mike Gesicki,https://www.scoresandodds.com/prop-bets/328364/mike-gesicki
NE,La'Michael Pettway,https://www.scoresandodds.com/prop-bets/5072201/la-michael-pettway
NO,Derek Carr,https://www.scoresandodds.com/prop-bets/18330/derek-carr
NO,Jameis Winston,https://www.scoresandodds.com/prop-bets/21745/jameis-winston
NO,Jake Haener,https://www.scoresandodds.com/prop-bets/4688035/jake-haener
NO,Alvin Kamara,https://www.scoresandodds.com/prop-bets/36998/alvin-kamara
NO,Jamaal Williams,https://www.scoresandodds.com/prop-bets/36872/jamaal-williams
NO,James Robinson,https://www.scoresandodds.com/prop-bets/1848519/james-robinson
NO,Jordan Mims,https://www.scoresandodds.com/prop-bets/4744238/jordan-mims
NO,Kendre Miller,https://www.scoresandodds.com/prop-bets/4688037/kendre-miller
NO,Eno Benjamin,https://www.scoresandodds.com/prop-bets/1849756/eno-benjamin
NO,Keith Kirkwood,https://www.scoresandodds.com/prop-bets/328764/keith-kirkwood
NO,Michael Thomas,https://www.scoresandodds.com/prop-bets/35596/michael-thomas
NO,Marquez Callaway,https://www.scoresandodds.com/prop-bets/1844773/marquez-callaway
NO,Lynn Bowden,https://www.scoresandodds.com/prop-bets/1849699/lynn-bowden-jr-
NO,Rashid Shaheed,https://www.scoresandodds.com/prop-bets/3503949/rashid-shaheed
NO,Shaq Davis,https://www.scoresandodds.com/prop-bets/4688032/shaq-davis
NO,Chris Olave,https://www.scoresandodds.com/prop-bets/3491988/chris-olave
NO,AT Perry,https://www.scoresandodds.com/prop-bets/4688034/a-t--perry
NO,Jimmy Graham,https://www.scoresandodds.com/prop-bets/11793/jimmy-graham
NO,Juwan Johnson,https://www.scoresandodds.com/prop-bets/1844771/juwan-johnson
NO,Michael Jacobson,https://www.scoresandodds.com/prop-bets/3024799/michael-jacobson
NO,Tommy Hudson,https://www.scoresandodds.com/prop-bets/1844549/tommy-hudson
NO,Foster Moreau,https://www.scoresandodds.com/prop-bets/982728/foster-moreau
NO,Taysom Hill,https://www.scoresandodds.com/prop-bets/36873/taysom-hill
NYG,Tyrod Taylor,https://www.scoresandodds.com/prop-bets/11656/tyrod-taylor
NYG,Jacob Eason,https://www.scoresandodds.com/prop-bets/1844487/jacob-eason
NYG,Tommy DeVito,https://www.scoresandodds.com/prop-bets/4716303/tommy-devito
NYG,Daniel Jones,https://www.scoresandodds.com/prop-bets/972884/daniel-jones
NYG,Matt Breida,https://www.scoresandodds.com/prop-bets/37060/matt-breida
NYG,Jashaun Corbin,https://www.scoresandodds.com/prop-bets/3515793/jashaun-corbin
NYG,Saquon Barkley,https://www.scoresandodds.com/prop-bets/328607/saquon-barkley
NYG,Eric Gray,https://www.scoresandodds.com/prop-bets/4688060/eric-gray
NYG,Gary Brightwell,https://www.scoresandodds.com/prop-bets/2862035/gary-brightwell
NYG,Deon Jackson,https://www.scoresandodds.com/prop-bets/2861901/deon-jackson
NYG,Parris Campbell,https://www.scoresandodds.com/prop-bets/982342/parris-campbell
NYG,Bryce Ford-Wheaton,https://www.scoresandodds.com/prop-bets/4716302/bryce-ford-wheaton
NYG,Sterling Shepard,https://www.scoresandodds.com/prop-bets/35547/sterling-shepard
NYG,Isaiah Hodgins,https://www.scoresandodds.com/prop-bets/1844332/isaiah-hodgins
NYG,Gunner Olszewski,https://www.scoresandodds.com/prop-bets/1055342/gunner-olszewski
NYG,Dylan Drummond,https://www.scoresandodds.com/prop-bets/4773069/dylan-drummond
NYG,Darius Slayton,https://www.scoresandodds.com/prop-bets/982456/darius-slayton
NYG,Dennis Houston,https://www.scoresandodds.com/prop-bets/3515760/dennis-houston
NYG,Jalin Hyatt,https://www.scoresandodds.com/prop-bets/4688061/jalin-hyatt
NYG,Wan'Dale Robinson,https://www.scoresandodds.com/prop-bets/3491835/wan-dale-robinson
NYG,Tyree Jackson,https://www.scoresandodds.com/prop-bets/982201/tyree-jackson
NYG,Daniel Bellinger,https://www.scoresandodds.com/prop-bets/3491834/daniel-bellinger
NYG,Darren Waller,https://www.scoresandodds.com/prop-bets/21556/darren-waller
NYG,Lawrence Cager,https://www.scoresandodds.com/prop-bets/1844430/lawrence-cager
NYG,Ryan Jones,https://www.scoresandodds.com/prop-bets/4716301/ryan-jones
NYJ,Zach Wilson,https://www.scoresandodds.com/prop-bets/2861838/zach-wilson
NYJ,Aaron Rodgers,https://www.scoresandodds.com/prop-bets/11601/aaron-rodgers
NYJ,Trevor Siemian,https://www.scoresandodds.com/prop-bets/21750/trevor-siemian
NYJ,Brett Rypien,https://www.scoresandodds.com/prop-bets/982658/brett-rypien
NYJ,Jacques Patrick,https://www.scoresandodds.com/prop-bets/1844125/jacques-patrick
NYJ,Xazavian Valladay,https://www.scoresandodds.com/prop-bets/4773127/xazavian-valladay
NYJ,Breece Hall,https://www.scoresandodds.com/prop-bets/3491661/breece-hall
NYJ,Israel Abanikanda,https://www.scoresandodds.com/prop-bets/4688086/israel-abanikanda
NYJ,Allen Lazard,https://www.scoresandodds.com/prop-bets/328523/allen-lazard
NYJ,Xavier Gipson,https://www.scoresandodds.com/prop-bets/4716332/xavier-gipson
NYJ,Malik Taylor,https://www.scoresandodds.com/prop-bets/982633/malik-taylor
NYJ,Randall Cobb,https://www.scoresandodds.com/prop-bets/12905/randall-cobb
NYJ,Jason Brownlee,https://www.scoresandodds.com/prop-bets/4716334/jason-brownlee
NYJ,Garrett Wilson,https://www.scoresandodds.com/prop-bets/3491660/garrett-wilson
NYJ,Irvin Charles,https://www.scoresandodds.com/prop-bets/3515611/irvin-charles
NYJ,Lance McCutcheon,https://www.scoresandodds.com/prop-bets/3516161/lance-mccutcheon
NYJ,Zack Kuntz,https://www.scoresandodds.com/prop-bets/4688085/zack-kuntz
NYJ,Jeremy Ruckert,https://www.scoresandodds.com/prop-bets/3491659/jeremy-ruckert
NYJ,Tyler Conklin,https://www.scoresandodds.com/prop-bets/328304/tyler-conklin
NYJ,CJ Uzomah,https://www.scoresandodds.com/prop-bets/21567/c-j--uzomah
NYJ,Kenny Yeboah,https://www.scoresandodds.com/prop-bets/2861840/kenny-yeboah
PHI,Marcus Mariota,https://www.scoresandodds.com/prop-bets/21686/marcus-mariota
PHI,Jalen Hurts,https://www.scoresandodds.com/prop-bets/1844646/jalen-hurts
PHI,Tanner McKee,https://www.scoresandodds.com/prop-bets/4688108/tanner-mckee
PHI,Lew Nichols,https://www.scoresandodds.com/prop-bets/4687751/lew-nichols
PHI,Rashaad Penny,https://www.scoresandodds.com/prop-bets/329038/rashaad-penny
PHI,Kenneth Gainwell,https://www.scoresandodds.com/prop-bets/2862072/kenneth-gainwell
PHI,D'Andre Swift,https://www.scoresandodds.com/prop-bets/1844244/d-andre-swift
PHI,Boston Scott,https://www.scoresandodds.com/prop-bets/328763/boston-scott
PHI,Greg Ward,https://www.scoresandodds.com/prop-bets/36972/greg-ward
PHI,Olamide Zaccheaus,https://www.scoresandodds.com/prop-bets/982543/olamide-zaccheaus
PHI,Quez Watkins,https://www.scoresandodds.com/prop-bets/1844642/quez-watkins
PHI,AJ Brown,https://www.scoresandodds.com/prop-bets/982405/a-j--brown
PHI,Joseph Ngata,https://www.scoresandodds.com/prop-bets/4716359/joseph-ngata
PHI,Julio Jones,https://www.scoresandodds.com/prop-bets/12896/julio-jones
PHI,DeVonta Smith,https://www.scoresandodds.com/prop-bets/2862069/devonta-smith
PHI,Devon Allen,https://www.scoresandodds.com/prop-bets/3455477/devon-allen
PHI,Britain Covey,https://www.scoresandodds.com/prop-bets/3503821/britain-covey
PHI,Jack Stoll,https://www.scoresandodds.com/prop-bets/2862067/jack-stoll
PHI,Albert Okwuegbunam,https://www.scoresandodds.com/prop-bets/1844837/albert-okwuegbunam
PHI,Grant Calcaterra,https://www.scoresandodds.com/prop-bets/3491869/grant-calcaterra
PHI,Dallas Goedert,https://www.scoresandodds.com/prop-bets/328643/dallas-goedert
PHI,Noah Togiai,https://www.scoresandodds.com/prop-bets/1844649/noah-togiai
PHI,Griffin Hebert,https://www.scoresandodds.com/prop-bets/4716447/griffin-hebert
PIT,Mitch Trubisky,https://www.scoresandodds.com/prop-bets/36854/mitchell-trubisky
PIT,Trace McSorley,https://www.scoresandodds.com/prop-bets/981967/trace-mcsorley
PIT,Kenny Pickett,https://www.scoresandodds.com/prop-bets/3491435/kenny-pickett
PIT,Mason Rudolph,https://www.scoresandodds.com/prop-bets/328181/mason-rudolph
PIT,Najee Harris,https://www.scoresandodds.com/prop-bets/2861602/najee-harris
PIT,Godwin Igwebuike,https://www.scoresandodds.com/prop-bets/3084769/godwin-igwebuike
PIT,Jaylen Warren,https://www.scoresandodds.com/prop-bets/3491433/jaylen-warren
PIT,Anthony McFarland,https://www.scoresandodds.com/prop-bets/1844186/anthony-mcfarland
PIT,Denzel Mims,https://www.scoresandodds.com/prop-bets/1844428/denzel-mims
PIT,George Pickens,https://www.scoresandodds.com/prop-bets/3491429/george-pickens
PIT,Miles Boykin,https://www.scoresandodds.com/prop-bets/981968/miles-boykin
PIT,Dez Fitzpatrick,https://www.scoresandodds.com/prop-bets/2861977/dez-fitzpatrick
PIT,Diontae Johnson,https://www.scoresandodds.com/prop-bets/982055/diontae-johnson
PIT,Duece Watts,https://www.scoresandodds.com/prop-bets/4715972/duece-watts
PIT,Calvin Austin,https://www.scoresandodds.com/prop-bets/3491434/calvin-austin
PIT,Allen Robinson,https://www.scoresandodds.com/prop-bets/18179/allen-robinson
PIT,Connor Heyward,https://www.scoresandodds.com/prop-bets/3491431/connor-heyward
PIT,Rodney Williams,https://www.scoresandodds.com/prop-bets/3516009/rodney-williams-ii
PIT,Pat Freiermuth,https://www.scoresandodds.com/prop-bets/2861601/pat-freiermuth
PIT,Darnell Washington,https://www.scoresandodds.com/prop-bets/4688136/darnell-washington
SEA,Drew Lock,https://www.scoresandodds.com/prop-bets/982657/drew-lock
SEA,Geno Smith,https://www.scoresandodds.com/prop-bets/16557/geno-smith
SEA,Sean Mannion,https://www.scoresandodds.com/prop-bets/21786/sean-mannion
SEA,DeeJay Dallas,https://www.scoresandodds.com/prop-bets/1849843/deejay-dallas
SEA,Zach Charbonnet,https://www.scoresandodds.com/prop-bets/4688186/zach-charbonnet
SEA,Kenneth Walker,https://www.scoresandodds.com/prop-bets/3492251/kenneth-walker-iii
SEA,Kenny McIntosh,https://www.scoresandodds.com/prop-bets/4688185/kenny-mcintosh
SEA,Bryant Koback,https://www.scoresandodds.com/prop-bets/3515487/bryant-koback
SEA,Tyler Lockett,https://www.scoresandodds.com/prop-bets/21808/tyler-lockett
SEA,Easop Winston,https://www.scoresandodds.com/prop-bets/1849779/easop-winston
SEA,DK Metcalf,https://www.scoresandodds.com/prop-bets/982879/d-k--metcalf
SEA,Cody Thompson,https://www.scoresandodds.com/prop-bets/982696/cody-thompson
SEA,Cody White,https://www.scoresandodds.com/prop-bets/2185208/cody-white
SEA,Cade Johnson,https://www.scoresandodds.com/prop-bets/2862462/cade-johnson
SEA,D'Wayne Eskridge,https://www.scoresandodds.com/prop-bets/2862461/d-wayne-eskridge
SEA,Dareke Young,https://www.scoresandodds.com/prop-bets/3492252/dareke-young
SEA,Jake Bobo,https://www.scoresandodds.com/prop-bets/4716451/jake-bobo
SEA,Jaxon Smith-Njigba,https://www.scoresandodds.com/prop-bets/4688187/jaxon-smith-njigba
SEA,Colby Parkinson,https://www.scoresandodds.com/prop-bets/1849846/colby-parkinson
SEA,Will Dissly,https://www.scoresandodds.com/prop-bets/329037/will-dissly
SEA,Noah Fant,https://www.scoresandodds.com/prop-bets/973054/noah-fant
SEA,Tyler Mabry,https://www.scoresandodds.com/prop-bets/1849841/tyler-mabry
SEA,Brady Russell,https://www.scoresandodds.com/prop-bets/4716358/brady-russell
SF,Sam Darnold,https://www.scoresandodds.com/prop-bets/328423/sam-darnold
SF,Brandon Allen,https://www.scoresandodds.com/prop-bets/35523/brandon-allen
SF,Brock Purdy,https://www.scoresandodds.com/prop-bets/3492223/brock-purdy
SF,Jeremy McNichols,https://www.scoresandodds.com/prop-bets/37006/jeremy-mcnichols
SF,Elijah Mitchell,https://www.scoresandodds.com/prop-bets/2862427/elijah-mitchell
SF,Christian McCaffrey,https://www.scoresandodds.com/prop-bets/36994/christian-mccaffrey
SF,Tyrion Davis-Price,https://www.scoresandodds.com/prop-bets/3492217/tyrion-davis-price
SF,Jordan Mason,https://www.scoresandodds.com/prop-bets/3492222/jordan-mason
SF,Willie Snead,https://www.scoresandodds.com/prop-bets/18053/willie-snead
SF,Deebo Samuel,https://www.scoresandodds.com/prop-bets/982845/deebo-samuel
SF,Ronnie Bell,https://www.scoresandodds.com/prop-bets/4688161/ronnie-bell
SF,Ray-Ray McCloud,https://www.scoresandodds.com/prop-bets/328333/ray-ray-mccloud
SF,Jauan Jennings,https://www.scoresandodds.com/prop-bets/1849815/jauan-jennings
SF,Chris Conley,https://www.scoresandodds.com/prop-bets/21755/chris-conley
SF,Danny Gray,https://www.scoresandodds.com/prop-bets/3492219/danny-gray
SF,Brandon Aiyuk,https://www.scoresandodds.com/prop-bets/1849809/brandon-aiyuk
SF,Tay Martin,https://www.scoresandodds.com/prop-bets/3492220/tay-martin
SF,Jake Tonges,https://www.scoresandodds.com/prop-bets/3503411/jake-tonges
SF,Ross Dwelley,https://www.scoresandodds.com/prop-bets/329008/ross-dwelley
SF,George Kittle,https://www.scoresandodds.com/prop-bets/37069/george-kittle
SF,Brayden Willis,https://www.scoresandodds.com/prop-bets/4688160/brayden-willis
SF,Charlie Woerner,https://www.scoresandodds.com/prop-bets/1849814/charlie-woerner
SF,Cameron Latu,https://www.scoresandodds.com/prop-bets/4688163/cameron-latu
TB,Baker Mayfield,https://www.scoresandodds.com/prop-bets/328157/baker-mayfield
TB,Kyle Trask,https://www.scoresandodds.com/prop-bets/2862218/kyle-trask
TB,John Wolford,https://www.scoresandodds.com/prop-bets/508426/john-wolford
TB,Rachaad White,https://www.scoresandodds.com/prop-bets/3492017/rachaad-white
TB,Chase Edmonds,https://www.scoresandodds.com/prop-bets/328948/chase-edmonds
TB,Sean Tucker,https://www.scoresandodds.com/prop-bets/4773613/sean-tucker
TB,Patrick Laird,https://www.scoresandodds.com/prop-bets/1104969/patrick-laird
TB,Russell Gage,https://www.scoresandodds.com/prop-bets/328706/russell-gage
TB,Chris Godwin,https://www.scoresandodds.com/prop-bets/37002/chris-godwin
TB,Rakim Jarrett,https://www.scoresandodds.com/prop-bets/4744956/rakim-jarrett
TB,David Moore,https://www.scoresandodds.com/prop-bets/37076/david-moore
TB,Ryan Miller,https://www.scoresandodds.com/prop-bets/4744955/ryan-miller
TB,Mike Evans,https://www.scoresandodds.com/prop-bets/18287/mike-evans
TB,Deven Thompkins,https://www.scoresandodds.com/prop-bets/3515974/deven-thompkins
TB,Raleigh Webb,https://www.scoresandodds.com/prop-bets/3515278/raleigh-webb
TB,Cephus Johnson,https://www.scoresandodds.com/prop-bets/4687979/cephus-johnson
TB,Trey Palmer,https://www.scoresandodds.com/prop-bets/4688203/trey-palmer
TB,David Wells,https://www.scoresandodds.com/prop-bets/328585/david-wells
TB,Payne Durham,https://www.scoresandodds.com/prop-bets/4688204/payne-durham
TB,Tanner Taula,https://www.scoresandodds.com/prop-bets/4744954/tanner-taula
TB,Cade Otton,https://www.scoresandodds.com/prop-bets/3492018/cade-otton
TB,Ko Kieft,https://www.scoresandodds.com/prop-bets/3492019/ko-kieft
TEN,Will Levis,https://www.scoresandodds.com/prop-bets/4688226/will-levis
TEN,Ryan Tannehill,https://www.scoresandodds.com/prop-bets/13557/ryan-tannehill
TEN,Malik Willis,https://www.scoresandodds.com/prop-bets/3491780/malik-willis
TEN,Julius Chestnut,https://www.scoresandodds.com/prop-bets/3503728/julius-chestnut
TEN,Jonathan Ward,https://www.scoresandodds.com/prop-bets/1849753/jonathan-ward
TEN,Hassan Haskins,https://www.scoresandodds.com/prop-bets/3491783/hassan-haskins
TEN,Tyjae Spears,https://www.scoresandodds.com/prop-bets/4688225/tyjae-spears
TEN,Derrick Henry,https://www.scoresandodds.com/prop-bets/35530/derrick-henry
TEN,Mason Kinsey,https://www.scoresandodds.com/prop-bets/1844553/mason-kinsey
TEN,Tre'Shaun Harrison,https://www.scoresandodds.com/prop-bets/4773644/tre-shaun-harrison
TEN,DeAndre Hopkins,https://www.scoresandodds.com/prop-bets/16563/deandre-hopkins
TEN,Colton Dowell,https://www.scoresandodds.com/prop-bets/4744980/colton-dowell
TEN,Chris Moore,https://www.scoresandodds.com/prop-bets/35415/chris-moore
TEN,Treylon Burks,https://www.scoresandodds.com/prop-bets/3491779/treylon-burks
TEN,Nick Westbrook-Ikhine,https://www.scoresandodds.com/prop-bets/2184953/nick-westbrook-ikhine
TEN,Kyle Philips,https://www.scoresandodds.com/prop-bets/3491782/kyle-philips
TEN,Shi Smith,https://www.scoresandodds.com/prop-bets/2862161/shi-smith
TEN,Kearis Jackson,https://www.scoresandodds.com/prop-bets/4688223/kearis-jackson
TEN,Trevon Wesco,https://www.scoresandodds.com/prop-bets/982287/trevon-wesco
TEN,Devin Asiasi,https://www.scoresandodds.com/prop-bets/1844403/devin-asiasi
TEN,Thomas Odukoya,https://www.scoresandodds.com/prop-bets/3758327/thomas-odukoya
TEN,Josh Whyle,https://www.scoresandodds.com/prop-bets/4688224/josh-whyle
TEN,Kevin Rader,https://www.scoresandodds.com/prop-bets/328273/kevin-rader
TEN,Chigoziem Okonkwo,https://www.scoresandodds.com/prop-bets/3491778/chigoziem-okonkwo
WAS,Sam Howell,https://www.scoresandodds.com/prop-bets/3491898/sam-howell
WAS,Jake Fromm,https://www.scoresandodds.com/prop-bets/1844331/jake-fromm
WAS,Jacoby Brissett,https://www.scoresandodds.com/prop-bets/35493/jacoby-brissett
WAS,Jonathan Williams,https://www.scoresandodds.com/prop-bets/35479/jonathan-williams
WAS,Brian Robinson,https://www.scoresandodds.com/prop-bets/3491896/brian-robinson
WAS,Alex Armah,https://www.scoresandodds.com/prop-bets/37421/alex-armah
WAS,Jaret Patterson,https://www.scoresandodds.com/prop-bets/2862097/jaret-patterson
WAS,Antonio Gibson,https://www.scoresandodds.com/prop-bets/1844676/antonio-gibson
WAS,Chris Rodriguez,https://www.scoresandodds.com/prop-bets/4688250/chris-rodriguez
WAS,Derrick Gore,https://www.scoresandodds.com/prop-bets/1248553/derrick-gore
WAS,Curtis Samuel,https://www.scoresandodds.com/prop-bets/36991/curtis-samuel
WAS,Jamison Crowder,https://www.scoresandodds.com/prop-bets/21710/jamison-crowder
WAS,Terry McLaurin,https://www.scoresandodds.com/prop-bets/982511/terry-mclaurin
WAS,Byron Pringle,https://www.scoresandodds.com/prop-bets/328853/byron-pringle
WAS,Dax Milne,https://www.scoresandodds.com/prop-bets/2862098/dax-milne
WAS,Davion Davis,https://www.scoresandodds.com/prop-bets/982170/davion-davis
WAS,Dyami Brown,https://www.scoresandodds.com/prop-bets/2862095/dyami-brown
WAS,Jahan Dotson,https://www.scoresandodds.com/prop-bets/3491902/jahan-dotson
WAS,Kazmeir Allen,https://www.scoresandodds.com/prop-bets/4688249/kazmeir-allen
WAS,Mitchell Tinsley,https://www.scoresandodds.com/prop-bets/4688248/mitchell-tinsley
WAS,Brycen Tremayne,https://www.scoresandodds.com/prop-bets/4716517/brycen-tremayne
WAS,Logan Thomas,https://www.scoresandodds.com/prop-bets/18363/logan-thomas
WAS,John Bates,https://www.scoresandodds.com/prop-bets/2862096/john-bates
WAS,Curtis Hodges,https://www.scoresandodds.com/prop-bets/3491899/curtis-hodges
WAS,Armani Rogers,https://www.scoresandodds.com/prop-bets/3491895/armani-rogers
WAS,Cole Turner,https://www.scoresandodds.com/prop-bets/3491903/cole-turner
